﻿<parameters>
  <parameter name="DatabaseAdministratorConnectionString" description="Connection used to create or update the application database." defaultValue="" tags="SQLConnectionString" />
  <parameter name="DatabaseServer" description="Name of the server that hosts the application database. Must match the server specified in the connection string." defaultValue="" tags="SQL" />
  <parameter name="DatabaseName" description="Name of the application database. Must match the database specified in the connection string." defaultValue="LightSwitch" tags="SQL">
    <parameterEntry kind="SqlCommandVariable" scope="LightSwitch.sql" match="DatabaseName" />
  </parameter>
  <parameter name="DatabaseUserName" description="User name that the application will use to connect to the application database." defaultValue="" tags="SQL">
    <parameterEntry kind="SqlCommandVariable" scope="LightSwitch.sql" match="DatabaseUserName" />
  </parameter>
  <parameter name="DatabaseUserPassword" description="Password for the database user name." defaultValue="" tags="SQL,Password,New">
    <parameterEntry kind="SqlCommandVariable" scope="LightSwitch.sql" match="DatabaseUserPassword" />
  </parameter>
  <parameter name="dbFullSql_Path" defaultValue="{DatabaseAdministratorConnectionString}" tags="Hidden">
    <parameterEntry kind="ProviderPath" scope="dbFullSql" match="LightSwitch.sql" />
  </parameter>
  <parameter name="Update web.config connection string" defaultValue="Data Source={DatabaseServer};Database={DatabaseName};uid={DatabaseUserName};Pwd={DatabaseUserPassword};" tags="Hidden">
    <parameterEntry kind="XmlFile" scope="web.config" match="//connectionStrings/add[@name='_IntrinsicData']/@connectionString" />
  </parameter>
  <parameter name="LightSwitch_IisWebApplication" description="IIS Web Application content location" defaultValue="Default Web Site/LightSwitchTest" tags="IisApp">
    <parameterEntry kind="ProviderPath" scope="IisApp" match="^C:\\Users\\rhernandez\\Google\ Drive\\Nuevo\\Software\\VisualStudio2010\\Projects\\LightSwitchTest1\\LightSwitch\\Bin\\Debug\\app\.publish\\$" />
  </parameter>
</parameters>